b,c,d,e,f,h,i,j
12,12,39,52,1.5385,1.8085,1,16.333
12,8,48,84,0,1.2,1,19.084
18,20,44,85,3.0235,3.1975,1,25.112
12,16,160,60,2,2.0345,1,30.625
12,20,52,86,1.6512,1.4444,1,25.989
12,16,36,58,2.1034,1.8387,1,18.565
16,28,62,119,2.6303,2.6842,1,34.011
8,16,84,41,1.9268,1.9474,1,18.855
16,20,42,79,2.8481,2.9474,1,23.588
12,8,48,84,0,1.2,1,19.084
14,10,45,51,1.4706,1.3636,1,17.566
10,10,41,76,0.18421,0.25,1,20.688
12,16,96,135,0.33333,1,1,34.408
12,12,24,44,2,2.1429,1,13.646
20,12,84,68,2.2353,0.55102,1,32.971
12,18,50,82,1.4878,1.8696,1,23.15
12,16,64,80,1.25,2.0345,1,23.044
12,20,42,78,1.9231,2.1884,1,22.237
20,16,86,81,2.7037,1.3385,1,33.293
14,28,69,116,2.2586,2.2793,1,33.836
16,28,71,110,2.9273,3,1,33.183
12,20,53,101,1.2574,1.2449,1,28.301
20,12,84,66,2.3333,0.48052,1,33.468
8,16,20,38,2.1579,2.1111,1,12.078
12,12,72,88,0.5,0.5,1,26.967
8,16,32,30,3,2.2,1,12.466
18,19,40,77,3.2078,3.3067,1,23.264
4,12,24,20,1.2,0,1,9.6014
8,24,22,41,3.4878,3.4211,1,13.82
12,12,122,36,2.6667,2.5676,1,22.15
8,16,64,60,1,1,1,20.349
12,16,98,72,1.5,1.75,1,26.201
8,8,34,40,0.4,0.4,1,12.92
6,22,42,50,1.52,1.619,1,16.312
16,20,72,86,2.5349,1.8846,1,29.873
8,9,22,40,0.6,0.8,1,11.399
4,16,32,28,1.1429,0,1,12.757
8,8,22,38,0.47368,0.47368,1,11.355
8,8,40,24,1.3333,1.3333,1,10.537
8,12,64,59,0.49152,0.5,1,19.755
8,12,32,59,0.49152,0.5,1,16.594
12,12,72,66,1,1,1,22.719
12,20,42,78,1.9231,2.0137,1,22.614
6,30,38,46,2.7826,2.8462,1,16.262
12,16,96,108,0.66667,0.57143,1,34.103
4,35,30,38,2.5789,3.375,1,13.528
8,12,72,44,1,1,1,17.78
8,12,32,59,0.49152,0.5,1,16.594
16,9,70,34,2.7647,0.14407,1,24.686
12,20,44,81,1.8148,1.8205,1,23.572
16,24,122,72,4.1111,3.8,1,31.304
18,20,63,108,2.1667,3.0964,1,29.364
16,20,56,78,2.8974,2.9474,1,24.877
8,12,64,59,0.49152,0.5,1,19.755
12,16,119,133,0.35338,0.35385,3,13.713
20,20,179,157,1.4204,1.4516,3,17.825
20,24,154,296,0.55405,0.54576,3,26.381
16,20,168,176,0.72727,0.875,3,18.084
32,18,208,271,1.0074,0.99286,3,27.079
28,9,121,62,2.6129,0.20896,3,14.151
20,24,114,171,1.6901,1.6207,3,16.905
20,16,112,189,0.5873,1.6207,3,15.199
16,16,128,120,1,0.5,3,14.741
20,24,120,203,1.266,3.1835,3,16.042
20,24,135,138,2.3333,2.1888,3,15.51
16,28,175,106,3.0755,2.8532,3,14.689
20,24,71,137,2.3577,2.3529,3,13.112
16,16,112,210,0.14286,0.14286,3,18.841
20,16,160,74,3.0541,0.13433,3,18.07
20,24,287,224,1.0536,1.0541,3,26.014
16,16,128,112,1.1429,1.1429,3,12.898
14,28,106,139,1.7194,2.3394,3,13.358
28,24,183,135,3.7704,1.0971,3,22.834
20,24,181,143,2.2168,3.0354,3,16.236
24,32,166,234,2.1795,2.1588,3,23.15
16,16,124,168,0.42857,0.66667,3,15.663
24,28,212,272,1.3824,2.1724,3,24.793
16,28,227,227,0.90308,1.0488,3,23.538
7,34,119,199,0.1608,2.4,3,14.076
12,16,95,133,0.35338,0.35385,3,12.912
24,16,191,177,1.0339,1.022,3,19.768
16,16,128,152,0.57895,0.57895,3,15.531
28,9,123,65,2.4462,0.15166,3,14.644
16,16,133,120,1,0.98347,3,13.622
12,16,96,135,0.33333,0.33333,3,13.077
18,32,139,185,2.0162,1.9727,3,18.731
16,24,171,97,2.7938,3.5,3,13.165
